food_name,food_id
초보도 만들기 쉬운 바스크 치즈케이크,100000
새우 단호박 찌개 만드는법,100001
햄버거 미니버거 모닝빵 햄버거 만들기 수제버거 패티 함박스테이크 만들기 대파크림치즈 만들기,100002
수박 예쁘게 먹기좋게 자르기,100003
백종원 스팸짜글이 감자짜글이 고추장찌개 만들기,100004
데리야끼소스로 참치주먹밥 만드는 법,100005
트러플향을 더해 꾸덕한 [크림뇨끼],100006
양배추생채 진작 이렇게 먹을걸 ‼️ 볶지말고 데치지도 말고 그냥 드세요~,100007
간단한 여름반찬 노각무침 레시피,100008
"치즈가 쭈욱~, 풍미가 좋은 감자 치즈 호떡 만들기",100009
새우 두부 계란찜,100010
부추 콩가루 찜,100011
방울토마토 소박이,100012
순두부 사과 소스 오이무침,100013
사과 새우 북엇국,100014
저염 된장으로 맛을 낸 황태해장국,100015
된장국,100016
표고버섯 청경채국,100017
치커리샐러드와 올리브 마늘 소스,100018
스트로베리 샐러드,100019
시금치 우유 소스와 그린매쉬드포테이토,100020
버섯구이와 두부타르타르 소스,100021
구운채소와 간장레몬 소스,100022
브로콜리 컬리플라워 샐러드와 두유 요거트 소스,100023
오렌지와 당근 만남주스,100024
칠곡석류국수,100025
블랙빈 곤약국수,100026
닭가슴살 브로콜리 만두,100027
함초 냉이 국수,100028
된장 두부찌개,100029
부대된장찌개,100030
양배추감자전,100031
돌나물 샐러드,100032
석류 보쌈김치,100033
유자 대구조림,100034
파프리카 물김치,100035
고추장 라따뚜이,100036
민들레 샐러드,100037
토마토 가지 카프레제,100038
우렁된장소스 배추롤,100039
인삼떡갈비,100040
초계탕과 사색곤약,100041
호박잎 삼계탕,100042
황태미역 곤약스프,100043
훈제오리가슴살 샐러드,100044
훈제오리가슴살크러스트,100045
간장소스를 곁들인 새우전복찜,100046
검은콩국수,100047
겨자소스로 구운 산마샐러드,100048
닭고기김치찌개,100049
완자김치찌개,100050
백김치콩비지찌개,100051
오징어김치찌개,100052
해물김치찌개,100053
맑은부대찌개,100054
나가사키부대찌개,100055
삼계부대찌개,100056
쑥갓부대찌개,100057
들깨순두부찌개,100058
백태순두부찌개,100059
버섯순두부찌개,100060
토란순두부찌개,100061
토마토스프파스타,100062
다이어트국수,100063
오징어구이,100064
배숙구이,100065
웰빙스테이크,100066
오징어콩순대,100067
토마토소고기장조림,100068
토마토소고기찜,100069
맛간장삼치구이,100070
삼겹살꼬치구이,100071
새우아욱죽,100072
까르보나라뇨끼,100073
호박죽,100074
라이스버거떡갈비,100075
고추김치,100076
누룽닭,100077
광어스테이크,100078
치즈감자크로켓,100079
코코넛밀크카레,100080
소고기리조또롤,100081
둥지튀김,100082
새우와스테이크,100083
함초삼겹,100084
햄버거스테이크,100085
유자삼치구이,100086
냉토마토파스타,100087
닭고기또띠아,100088
닭고기스테이크,100089
오징어순대,100090
연어차우더스프,100091
시금치브로컬리 파스타,100092
야채찜을 곁들인 광어스테이크,100093
연근부각,100094
오이냉국을 곁들인 오색쌈밥,100095
카레탄두리치킨과 닭가슴살냉채,100096
컬리플라워소스 광어스테이크,100097
콜라비오미자 물김치,100098
크림소스치킨롤,100099
표고버섯 감자찜,100100
해물애호박 전병말이,100101
찬밥이용닭죽,100102
감자느타리버섯국,100103
민어매운탕,100104
아몬드치킨볼,100105
양배추롤,100106
생선베이컨말이,100107
콩고기샐러드,100108
퀴노아닭가슴살샐러드,100109
바나나크림파스타,100110
산채쌀파스타,100111
황태포당면국수,100112
닭갈비볶음면,100113
오색볶음면,100114
로제소스라면,100115
라면월남쌈튀김,100116
삼겹살라면,100117
유자샐러드라면,100118
주꾸미머리순대,100119
매실동치미,100120
조기까스,100121
돼지머리수육맑은전골,100122
파인애플볶음밥,100123
연근초무침,100124
코다리맑은찜,100125
뿌리채소두부선,100126
사과장아찌,100127
해물들깨탕,100128
참외깍두기,100129
새콤한연어샐러드,100130
논우렁순무섞박지,100131
코다리맑은탕,100132
세가지샐러드,100133
애호박들깨볶음,100134
고구마바나나샐러드,100135
누룽지새우튀김,100136
백김치주꾸미샐러드,100137
닭고기월남쌈,100138
단호박소고기롤,100139
생선카레튀김,100140
삼겹가지볶음,100141
주꾸미샐러드,100142
닭가슴살현미스테이크,100143
삼겹선,100144
미니버섯탕수,100145
연어오븐구이,100146
옥음밥,100147
와사비 연어초밥,100148
원소병,100149
음메꼬꼬돌돌,100150
전복리조또,100151
참깨흑임 자연두부샐러드,100152
초계탕,100153
콩나물부추볶음,100154
콩비지포카치아 샌드위치,100155
파프리카더덕소고기깻잎롤,100156
해물아란치니,100157
호박잎삼계,100158
노른자크림 육회샐러드,100159
닭고기 완자삼계죽,100160
대하마늘볶음밥,100161
두부 카프리제,100162
미역볶음밥,100163
청국장볶음밥,100164
해물볶음밥,100165
토마토카레 채소볶음밥,100166
구운주먹밥,100167
깐풍주먹밥,100168
닭봉주먹밥,100169
봄주먹밥,100170
깻잎장아찌롤,100171
참치비빔밥롤,100172
새싹참치김밥,100173
연어주먹밥튀김,100174
오징어불고기김밥,100175
닭가슴살청포묵비빔밥,100176
족발수육,100177
함초떡갈비,100178
삼색소면,100179
돼지수육맑은전골,100180
채소비빔밥,100181
열무김치파스타,100182
해초갈비찜,100183
버섯곤드레밥,100184
바다향이 풍부한 전복죽,100185
주꾸미연포탕,100186
함초소고기말이,100187
묵계밥,100188
근채류주먹밥,100189
단호박약식,100190
달콤스테이크,100191
삼색샌드위치,100192
황태탕수육,100193
밥핫도그,100194
스테이크카나페,100195
꽃밥,100196
버섯만두찜,100197
떡갈비주먹밥,100198
홍합죽,100199
샐러드돈가스,100200
조개크림파스타,100201
닭날개튀김,100202
해산물리조또,100203
떡완자조림,100204
닭고기채소스파게티,100205
계만두,100206
삼계선,100207
쇠고기표고찜,100208
떡갈비찜,100209
해산물두부샌드,100210
단호박제육볶음,100211
버섯콩불고기,100212
차돌박이볶음,100213
토마토오리볶음,100214
토마토두루치기,100215
검은콩피시볼조림,100216
대하조림,100217
묵은지가지말이,100218
함초타락죽,100219
황태두부무국,100220
삼합잡채,100221
고등어카레탕수,100222
효도강정,100223
비트양파김치,100224
관자브로콜리스프,100225
곤약잡채,100226
미역 닭가슴살전,100227
두가지묵샐러드,100228
블루베리양갱,100229
장어찜,100230
두부까나페,100231
두부청국장죽,100232
망고샐러드,100233
토마토젤리,100234
샌드스테이크,100235
맥적구이,100236
채소어묵,100237
주꾸미보리죽,100238
오렌지삼겹찜,100239
소고기볼게살타르,100240
수삼떡갈비,100241
삼색딤섬,100242
밥크로켓,100243
가지토마토구이,100244
함박스테이크,100245
냉파스타,100246
과일겉절이,100247
버섯탕수,100248
아보카도 연어샐러드,100249
오렌지마리네이드 돼지고기,100250
인삼갈비탕,100251
체리젤리를 곁들인 고구마무스,100252
카레닭 룰라이드,100253
세 가지곡물콩라미수,100254
크림치즈 망고무스,100255
토마토주스를곁들인컵토마토,100256
해산물 훈제연어롤,100257
인절미 무스와 수정과 아이스크림,100258
감닭떡갈비,100259
겨자아욱쌈밥,100260
다마고도후,100261
단호박생채,100262
닭가슴살 스테이크,100263
마늘드레싱을 곁들인 키위샐러드,100264
깻잎향을 입힌 관자 샐러드,100265
건강그린 샐러드와 고소한 두유드레싱,100266
케일 오미자 샐러드,100267
꼬막 달래 된장 무침,100268
베이컨 가지 말이,100269
청국장소스 연어 스테이크,100270
두부곤약조림,100271
아귀나가사키조림,100272
카레가자미조림,100273
타콤소스닭조림,100274
토마토콩조림,100275
관자해장국,100276
견과류들깨해장탕,100277
뿌리채소들깨수제비,100278
대구지리탕,100279
양지해장국,100280
토마토돼지고기해장국,100281
효종갱,100282
해물토마토김치찌개,100283
버섯 두유 소스 볶음,100284
백일송이버섯 볶음,100285
땅콩소스 버섯가지나물,100286
유자향의 곤약 냉채,100287
새우단배추된장국,100288
검은콩보리된장찌개,100289
단호박배추된장국,100290
된장냉국,100291
들깨된장육개장,100292
삼색묵냉국,100293
샤브된장국,100294
완자된장국,100295
산나물된장찌개,100296
토마토요구르트된장국,100297
굴림만두된장국,100298
해물순두부된장찌개,100299
곤약함박스테이크,100300
청국장 두부 검은깨 냉스프,100301
호박 고구마 스프,100302
시금치 리조또,100303
북어비빔밥,100304
무 현미밥,100305
컵밥,100306
두릅 샐러드,100307
구운 바나나,100308
과일무스 테린,100309
가지볶음밥,100310
닭고기볶음밥,100311
토마토라면,100312
토마토샐러드라면,100313
검은깨라면크로켓,100314
김말이두부스테이크,100315
연어롤샐러드,100316
비타민이유식,100317
한입꼬치구이,100318
간장곤약볶음국수,100319
닭가슴살리조또,100320
녹차귀리라떼,100321
계란숙샐러드,100322
한식풍닭가슴살스테이크,100323
강황고구마밥,100324
된장시금치옹심이,100325
불고기 소스를 곁들인 두부구이,100326
매생이순두부탕,100327
겨자 오이고추소박이,100328
실치오이 초절임,100329
비트무절임,100330
감귤 김치,100331
두부달걀덮밥,100332
봄나물밥,100333
가지연어구이,100334
갈릭칩동태구이,100335
고구마두부스테이크,100336
닭가슴살카나페,100337
삼색꼬치구이,100338
꽁치채소말이,100339
차돌박이구이,100340
간장아귀찜,100341
견과류통삼겹살찜,100342
닭가슴살말이,100343
두부말이찜,100344
미나리명태찜,100345
불고기덮밥,100346
바비큐리조또,100347
간편콩국수,100348
모듬해물찜,100349
크렌베리귀리밥,100350
블루베리냉스프,100351
토마토제철나물 샐러드,100352
브로콜리스프,100353
초계샐러드,100354
토마토맑은장국,100355
매생이찰범벅,100356
통삼겹맥적구이,100357
닭가슴살샌드스테이크,100358
치즈리조또,100359
가지말이샐러드,100360
유자등갈비구이,100361
실곤약팟타야,100362
닭고기라이스롤,100363
깐풍파스타,100364
닭강정,100365
소고기꼬치구이,100366
황태볶음면,100367
토마토덮밥,100368
표고크림파스타,100369
떡갈비통치미국수,100370
백김치닭살샐러드,100371
단호박크림파스타,100372
견과편수,100373
바지락실곤약파스타,100374
황태리조또,100375
깻잎애호박찜,100376
녹차와 대추밀전병,100377
단호박 된장매쉬와 해물굴림만두,100378
닭순대,100379
도라지 유자청생채,100380
돼지고기 숙주덮밥,100381
두부스테이크,100382
들깨곤약수제비,100383
먹물소스를 곁들인 토마토피클,100384
묵은지고등어와 새우말이꼬치,100385
버섯배추말이,100386
봄날의 연못,100387
산나물 유부초밥,100388
삼삼한 롤,100389
삼색채소 냉파스타,100390
새우보리죽 고등어스테이크,100391
소금없는 초밥,100392
잣소스새송이볶음,100393
더덕얼갈이겉절이,100394
과일겨자채,100395
콜라비물김치,100396
고구마라떼,100397
홍시곶감화채,100398
오징어채소말이와 치킨양념소스,100399
옥수수감자샐러드,100400
홍합 쌀옹심이국,100401
찬밥김치달걀찜,100402
꼬막떡꼬치구이,100403
물파래콩전,100404
카스텔라케이크와 해독주스,100405
토마토김치,100406
닭가슴살스튜,100407
가지겉절이,100408
저염 동치미,100409
장어수육구이,100410
울금해초밥,100411
미역줄기두부무침,100412
맑은육개장,100413
주꾸미보양샐러드,100414
전복내장밥,100415
카레감자전,100416
두부채소샐러드,100417
더덕비트물김치,100418
연어허브스테이크,100419
해물칼국수,100420
버섯리조또,100421
삼색소고기만두,100422
콩가루비빔밥,100423
인삼닭살찜,100424
양배추버섯말이,100425
단호박떡갈비,100426
배추만두탕,100427
해산물누들볶음,100428
허브닭스테이크,100429
새우완자찜,100430
두부된장무침,100431
귀리죽,100432
탕평채,100433
겨자소스를 곁들인 새우롤과 전복샐러드,100434
속채운대저토마토백김치,100435
들깨죽,100436
레몬크림콩다식,100437
룰룰랄라,100438
매실소스를 곁들인 돼지고기만두,100439
머스터드튤립치킨,100440
머위향 통밀푸실리,100441
미니함박스테이크,100442
바다완자탕,100443
봄옷을 입은 닭,100444
삼계치킨,100445
삼계치킨롤,100446
새우완자탕,100447
아삭,100448
연어비트 절임샐러드,100449
가지나물냉국,100450
수삼매운닭찜,100451
수박즙돼지목심구이,100452
별미병어조림,100453
비름나물겉절이,100454
깻잎단호박튀김,100455
냉머위들깨나물,100456
수박껍질풋고추볶음,100457
우무오미자냉화채,100458
포도호두스무디,100459
전복영양밥과 부추양념장,100460
근대쌈밥과 멸치견과류쌈장,100461
장어조림,100462
통삼겹스테이크,100463
저염된장 삼치구이,100464
미역전복죽,100465
불고기미니볼,100466
치자연근물김치,100467
훈제연어롤,100468
크림닭,100469
등심채소롤,100470
유부완자탕,100471
미니밥버거,100472
파프리카볶음밥,100473
리코타치즈돈가스,100474
삼겹살부추찜,100475
전복죽,100476
오징어토마토초무침,100477
들깨칼국수,100478
소고기채소불고기,100479
숙주라면,100480
곤약냉면,100481
과일갈비찜,100482
토마토소스닭갈비,100483
골뱅이과일무침,100484
두유 마 떡갈비,100485
떡갈비와 미니잡곡밥,100486
리코타소스 연어샐러드,100487
망고무스케이크와 마카롱,100488
망고자몽드레싱 해산물전체,100489
머쉬룸 닭스테이크,100490
미역소스와 타르타르,100491
발사믹소스를 곁들인 오리스테이크,100492
방울토마토를 곁들인 너비아니구이와 쌈밥,100493
배차와 주악,100494
배추관자카나페,100495
버섯과 두부 비프웰링턴,100496
복분자소스를 곁들인 닭테린,100497
관자버터구이,100498
세 가지 미니 에피타이저,100499
식혜양갱과 수박증편,100500
호박잎다슬기된장국,100501
양배추두부찜과 양파케첩소스,100502
수박비빔국수와 수박고추장소스,100503
미숫가루 부추전,100504
애호박장떡말이밥,100505
봄나물주먹밥,100506
달래두부김치무침,100507
딸기소스닭가슴살채소무침,100508
쑥호두달걀말이,100509
시래기리조또,100510
생과일과가자미까나페,100511
꽃게살국,100512
우엉들깨무침,100513
새우두부만두,100514
마마무스프,100515
단호박리조또,100516
토마토떡볶이,100517
소고기채소볶음,100518
양송이크림볶음밥,100519
해물우동볶음,100520
단호박닭꼬치,100521
떡갈비콩나물밥,100522
크림치즈떡볶이,100523
목살스테이크,100524
치킨완자스프,100525
돼지고기말이튀김,100526
단호박피자,100527
L..A갈비구이,100528
닭고기파스타,100529
동글동글도넛,100530
된장크림소스 잡곡 오므라이스,100531
두릅부추 소고기말이,100532
두부 비빔호박쌈,100533
두부곤약파스타,100534
두유 라이크 파스타,100535
라따뚜이,100536
라이스페이퍼 야채롤,100537
브로컬리 단호박스프와 완두콩퓨레,100538
삼색샐러드와두부구이,100539
새송이등갈비,100540
설렁탕쑥떡볶이,100541
소안심 야채 호박잎쌈,100542
양배추 고기말이,100543
양배추 쌈말이,100544
연어샐러드,100545
오렌지 드레싱 타다키 부추샐러드,100546
마감자전,100547
배추토란국,100548
갈치고추장구이,100549
단호박푸딩,100550
고등어된장구이,100551
낙지브로콜리볶음,100552
주꾸미돌나물무침,100553
사과소스폭찹,100554
건도토리묵버섯들깨국,100555
무대하무침,100556
간편조기찜,100557
표고버섯쇠고기찜,100558
참나물돼지고기샐러드,100559
연근배추홍시샐러드,100560
열무곤약국수,100561
장어구이,100562
안심스테이크,100563
로제파스타,100564
가지라따뚜이,100565
쪽갈비구이,100566
베이컨밀푀유,100567
실곤약냉파스타,100568
명란프리타타,100569
양송이구이,100570
함초김치,100571
연어스테이크,100572
웰빙꼬치,100573
매운닭날개구이,100574
웰빙카레죽,100575
닭가슴살 두부선,100576
단호박 마전,100577
완두콩과 당근을 넣은 감자요거트 샐러드,100578
무오색쌈,100579
흑마늘견과류조림,100580
고구마 찰 빵,100581
브로콜리견과류복음,100582
유린기,100583
단호박 호밀빵,100584
미숫가루 스콘,100585
고구마 공갈빵,100586
검은콩 크림빵,100587
오이 소르베,100588
리코타치즈 카프레제,100589
연두부 카프레제,100590
연두부 토마토,100591
들깨삼겹살과 참외쌈장,100592
돼지고기 포두부 파스타,100593
단호박 양파잼 샌드위치,100594
시금치크림치즈 빵,100595
무말랭이김치,100596
코울슬로샐러드,100597
마들깨미역국,100598
바지락맑은국,100599
통배추 겉절이,100600
포니언 스프,100601
가지 탕수육,100602
토마토소스 애호박냉파스타,100603
새우채소 김치롤,100604
토마토채소스프와 연어소바찜,100605
참나물무말이 물김치,100606
소고기 무국,100607
매운락교무침,100608
채소초밥,100609
꽃게바지락찌개,100610
새뱅이찌개,100611
황태미역국,100612
매실입은가지닭볶음탕,100613
홍시잼 식빵,100614
콩가루 소보로,100615
곤약 가스,100616
두부크림 관자뇨키,100617
"삼색나물, 토마토양념장",100618
삼색 브레드 스틱,100619
양배추말이 김치,100620
단호박 양고기볶음,100621
홍시에이드,100622
낙지묵은지콩나물국,100623
자색고구마 버터크림 빵,100624
치아바타 피자빵,100625
코코넛워터 토마토카레,100626
치즈 단호박,100627
강황 투움바 파스타,100628
코다리 뿌리채소 들깨탕,100629
찹쌀 흰살 생선찜,100630
깻잎퓌레를 곁들인 삼치새우,100631
참나물페스토 파스타,100632
카레삼겹살 파니니,100633
어린잎채소 건두부말이,100634
토마토 채소 계란찜,100635
배 깍두기,100636
바지락가자미완탕국,100637
저염보쌈김치,100638
새우게살 파프리카롤,100639
콩국물소스를 곁들인 게살 냉채,100640
방아잎 닭고기말이,100641
새우 카레 빠에야,100642
오징어 가라아게&칠리소스,100643
콜라비 깍두기,100644
비타 오이 물김치,100645
감자미역국,100646
청경채 김치,100647
두부 새우볼,100648
소고기육전과 전복내장소스,100649
라이스페이퍼 수제소시지,100650
치즈토마토 가지구이,100651
묵은지 밀푀유나베,100652
생선까스&타르타르소스,100653
곤약 감자조림,100654
배추된장국,100655
한우굴라쉬,100656
요거트강화순무김치,100657
크림카레소스를 곁들인 함초두부스테이크,100658
레몬등갈비구이,100659
과일 먹은 닭탕수,100660
콜리플라워미역국,100661
구기자모듬장조림,100662
오미자저염나박김치,100663
메밀면 샐러드,100664
치즈 두부 튀김,100665
단호박 라타투이,100666
느타리버섯볶음,100667
닭고기 바비큐,100668
닭고기 편육,100669
돼지고기 찹쌀부침,100670
등심 배구이,100671
버섯소스를 곁들인 돼지 등심 스테이크,100672
쇠고기 감자찜,100673
양송이버섯과 포도주스를 가미한 등심구이,100674
새우살토마토스튜,100675
견과류문어떡갈비,100676
배물김치,100677
성주참외동치미,100678
애호박 순대,100679
버터치킨카레,100680
소고기찜과 검은콩수제비,100681
케이준 스타일 닭고기 요리,100682
헝가리안 폭찹,100683
구운 닭고기 샐러드와 저나트륨 과일 드레싱,100684
돼지고기 수육 부추부침,100685
쇠고기 채소볶음,100686
낙지볶음면,100687
지중해 소스를 곁들인 도미스테이크,100688
해산물 샤브샤브,100689
고등어구이,100690
골뱅이무침,100691
굴 두부 국,100692
과일퓨레수제함박스테이크,100693
달콤과일깍두기,100694
비트 단호박 파스타,100695
해조비빔국수,100696
닭봉 로제스튜,100697
수제새우소시지,100698
금태찜,100699
김자반,100700
꽁치 양념구이,100701
꽃게강정,100702
낙지강회,100703
낙지 잣소스 냉채,100704
두부 해산물 꼬치구이,100705
마 두부 오징어전,100706
멸치 찹쌀양념 튀김,100707
미역 물오징어 연두부 초회,100708
부추조개살 콩비지조림,100709
연어냉채,100710
오징어말이 케첩조림,100711
오징어보쌈과 저나트륨 된장소스,100712
칠리새우,100713
"연근샐러드, 흑임자소스",100714
단호박함박스테이크,100715
배깍두기,100716
닭고기 찰깨빵,100717
레몬연어 파피요트,100718
떡꼬치구이,100719
아보카도 두부 샐러드,100720
과일 젤리,100721
복숭아샤벳,100722
과일 주스 조림,100723
감자를 곁들인 야채스튜,100724
김치 고구마밥,100725
돈불고기 파인애플볶음,100726
비름나물 된장무침,100727
소고기 들깨 알토란탕,100728
과일삼겹살조림&파채무침,100729
곤약백김치말이,100730
꽈리고추 닭강정,100731
참치두부 주먹밥,100732
대구 크림스튜,100733
대추죽,100734
돼지고기 토마토 두부볶음,100735
멜론스프,100736
미니버거,100737
바질 고구마 옥수수빵(플렌타),100738
밥스틱,100739
버섯 리조또,100740
버섯 참치 무른밥,100741
송이 미역국,100742
시금치 배 미음,100743
어린이 스시,100744
에멘탈 치즈 퐁듀,100745
"두부구이, 버섯소스",100746
고구마 김치,100747
담양식떡갈비&야채쌈,100748
단감피클,100749
들깨 삼계면,100750
골뱅이무침과 삼겹살수육,100751
완두콩 스프,100752
유부 만두찜,100753
펜네 파스타 샐러드,100754
해산물 옥수수 오븐구이,100755
향향 볶음밥,100756
흑임자 두부국,100757
과일 요구르트 샐러드,100758
단호박 스프,100759
새우 완자탕,100760
생강향의 고구마 크로켓,100761
알파벳 스프,100762
야채 과일 돌구이,100763
야채볶음,100764
야채빵,100765
영양 달걀찜,100766
유부 달걀찜,100767
찰 어묵찜,100768
유부 우엉 잡채,100769
치즈두부샐러드,100770
된장숙성저수분수육,100771
스마일오이피클,100772
참나물 소보로덮밥,100773
버섯초계탕,100774
사과채소타코,100775
케첩 완자,100776
홍시 생밤 무침,100777
고구마 경단,100778
두부 깻잎 과자,100779
두부양갱,100780
멸치 누룽지과자,100781
복숭아 화채,100782
사과 포도주스 조림,100783
홍시 쉐이크,100784
김치떡,100785
누룽지 피자,100786
단호박 새우찜,100787
두부 샌드위치,100788
라이스페이퍼 새우롤,100789
"레몬, 파슬리 빵가루를 입힌 도미",100790
롤피자,100791
닭곰탕,100792
미나리버섯고기말이&산채소스,100793
오이파프리카새콤무침,100794
양상추샐러드 & 과일드레싱,100795
시금치들깨무침,100796
채소롤초밥,100797
미니 떡갈비,100798
배추 달걀볶음,100799
사과와 양파를 곁들인 돼지등심 요리,100800
새우 속을 채운 리치와 감자튀김,100801
생선살 완자 찹쌀 찜,100802
서양식 씨리얼(뮤즐리),100803
수퍼 브리또,100804
아보카도 달걀 샌드위치,100805
알록달록 시금치 당근 수제비,100806
인도식만두구이(사모사),100807
중국식 바비큐 폭립,100808
"제주도 빙떡, 귤간장소스",100809
퓨전떡갈비,100810
마늘칩 감자샐러드,100811
시래기닭조림,100812
두부튀김&무소스,100813
오징어튀김&딸기쨈,100814
감귤콩샐러드,100815
바질향이 향긋한 고구마 찰 바케트,100816
두유 크림 현미리소토,100817
당근새우 카나페,100818
아보카도 수란샐러드,100819
참깨 오렌지 쇠고기,100820
치킨 버거 스테이크,100821
토마토소스 달걀볶음,100822
낫토 시래기 라이스전,100823
나스와 샐러드,100824
다시마전,100825
모듬옥수수,100826
버섯 들깨탕,100827
산마드래싱과 실곤약 샐러드,100828
산호두부,100829
섭산삼,100830
시금치 돼지고기 볶음,100831
발사믹과 로즈마리로 향을 낸 오븐구이 야채,100832
종이에 싸서 구운 도미(파필로테),100833
무염 겉절이,100834
닭가슴살호두크로켓,100835
누룽지상추샐러드&유자드레싱,100836
견과류 미숫가루 빵,100837
돼지 함초 덮밥,100838
닭가슴살 채소쌈,100839
호두 사과 샐러드,100840
고구마란,100841
과일 파이,100842
수삼당근정과,100843
식혜 팥빙수,100844
야채칩,100845
잡곡강정,100846
잣 호두 강정,100847
현미 크레이프,100848
감자 주먹밥,100849
고기완두조림,100850
니고랭,100851
돼지갈비 볶음,100852
미니 그라탕,100853
밀라노 스타일 포크 커틀렛,100854
바지락 볶음면,100855
삼색 꽃 화전,100856
알록달록연근튀김,100857
잎채소튀김,100858
포항초사과샐러드,100859
생선 파피요트,100860
시금치 후무스,100861
매생이조랭이떡국,100862
문어핫바,100863
매실장아찌와 과매기구이,100864
자색고구마호떡,100865
김치밥그라탕,100866
누룽지굴죽,100867
콩비지완자탕,100868
돼지갈비구이와 백김치와인조림,100869
오징어오곡밥순대,100870
코다리 양념구이,100871
대구버섯구이,100872
잔멸치땅콩볶음,100873
밥 샌드위치,100874
버섯을 넣은 가지 라자냐,100875
생선찜 채소말이,100876
쇠고기말이 쌈밥,100877
스테이크 샐러드,100878
씨앗죽,100879
오븐에 구운 또띠아 칩과 아보카도 딥,100880
참치 쇠고기 양상추 쌈,100881
치킨 쇠고기 땅콩소스 꼬치,100882
커리향이 들어간 치킨샐러드 샌드위치,100883
클럽 샌드위치,100884
토마토 야채 오븐구이,100885
시금치비트무침,100886
해초탕수,100887
호두떡볶이,100888
준순콩나물밥,100889
멍게비빔밥,100890
키조개샤브샤브,100891
가자미쑥국,100892
달래바싹불고기,100893
오리고기곰피쌈,100894
바지락수제비볶음,100895
민들레무침,100896
취나물들깨무침,100897
토마토소박이,100898
풋마늘오징어김치,100899
절편꽃말이떡,100900
가지볶음,100901
고등어 강정,100902
꽃게볶음,100903
다시마칩,100904
브로콜리 쇠고기 볶음,100905
새우살을 채운 두부 스프(미네스트로네),100906
시저 샐러드,100907
연두부 무순 냉국,100908
차가운 당근 수프,100909
태국식 불고기 샐러드,100910
팽이버섯 야채볶음,100911
딸기연두부쉐이크,100912
구운 주먹밥,100913
롤 삼계탕,100914
효종갱(曉鍾羹),100915
갯벌의 여왕 모시조개의 달콤한 유혹,100916
고구마 타락죽,100917
두부 채소 볶음밥,100918
건강 마늘 꿀환,100919
과일 샐러드 또띠아,100920
수박 화채,100921
우유 생강차,100922
레몬 들깨 소스를 품은 떡꼬치,100923
누룽지 요거트 파르페,100924
자색고구마 호떡,100925
청국장지짐 케일쌈밥,100926
마늘 불고기 덮밥,100927
잡곡강정밥,100928
함박스테이크 볼 밥,100929
곤드레 밥버거,100930
대추닭살리조또,100931
먹골배 카레주먹밥,100932
신호등 통통이(어린이 곤약삼색주먹밥),100933
양배추롤&참치두부쌈장,100934
라비올리 크림소스,100935
라비올리 토마토소스,100936
미역 조랭이 떡국,100937
서리태 잣국수,100938
쌈밥,100939
영양밥,100940
팥죽,100941
호박만두,100942
감자 팬케익,100943
단호박 두부 포타주,100944
쇠고기와 검은콩 요리,100945
채소 커리를 곁들인 팬케익,100946
양송이버섯 달걀 크레페,100947
파인애플떡갈비,100948
건강가지말이+참깨마요소스,100949
순창 고추장 두부강정,100950
곤약 백김치 말이,100951
묵은지비프롤,100952
바나나를 감싼 일본식 달걀말이,100953
그린커리,100954
현미 고구마 아란치니,100955
유자 치킨 꿔바로우,100956
펌킨크로켓,100957
이태리튀밥,100958
현미 입은 미트볼,100959
시금치 볶음 쌀국수,100960
새우채소꼬치구이,100961
영유아를 위한 고소한 닭꼬치,100962
얌얌 맛있게타,100963
오! 푸룻한 뿌리채소,100964
채소 팬케익,100965
누룽지과자,100966
단호박 경단,100967
모듬탕수,100968
새싹 비빔밥,100969
감자냉채,100970
고추잡채,100971
나박김치,100972
냉잡채,100973
단호박 두부찜,100974
단호박전,100975
도라지 검은깨 튀김,100976
발사믹으로 양념한 채소요리,100977
버섯 굴소스 볶음,100978
비트와 호두 요리,100979
상추 겉절이,100980
연근고구마샌드위치,100981
파프리카깍두기(어린이용),100982
과일 김치,100983
오이 짱아지 무침,100984
비트 배추피클,100985
오징어와사비마요무침,100986
삼색 버터롤,100987
고구마빵&과일잼,100988
감말랭이 찰빵,100989
바나나 속 달걀빵,100990
두부빼빼로,100991
땅콩호박 타르트,100992
고구마 바나나 무스,100993
단호박치즈스틱,100994
크랜베리 샤브레 쿠키,100995
생과일 타르트,100996
당 떨어진 마들렌,100997
삼색 머핀,100998
수삼 냉채,100999
아시아식 채소 두부 볶음,101000
양배추 깻잎 피클,101001
얼갈이 무침,101002
오이초절임,101003
잡채,101004
참기름 드레싱의 즉석 샐러드,101005
고추 장떡,101006
호박 프리타타,101007
고구마 빠스,101008
검은콩 스프,101009
곤약 콩조림,101010
도토리묵 콩국,101011
두부 달걀전,101012
두부선과 저나트륨 겨자 간장소스,101013
두부 튀김 조림,101014
바나나 스틱,101015
달코미 고구마 타르트,101016
콩가루 고구마 타르트,101017
코마레티,101018
수(Sugaer)다(Down) 고구마 케이크,101019
단구마 무스 샌드 케이크,101020
당근&그릭요거트 케이크,101021
완두콩 롤,101022
단호박두부팬케이크,101023
약밥 닮은 호떡,101024
두부티라미수,101025
두부있슈,101026
바나나 생강 크림이 들어간 미숫가루 쿠키슈,101027
단호박몽블랑,101028
렌틸콩 크레이프,101029
콩 판나코타,101030
고구마치즈크로켓,101031
빵 대신 어묵 사라다,101032
청국장 시래기전,101033
카레소스를 얹은 두부 스테이크,101034
녹차 파나코타,101035
자색고구마찹쌀푸딩,101036
꽃설기,101037
크랜베리 소보로 떡,101038
오미자 샹그리아,101039
톡톡! 오미자 펀치,101040
사과비트에이드,101041
밤 라떼,101042
자두 라떼,101043
와인배숙,101044
유자애(愛) 빠지다,101045
쌀콩죽 요거트,101046
상큼하자두,101047
비트두유,101048
렌틸콩 두유,101049
군고구마 라떼,101050
바지락 미역국,101051
단호박견과류샐러드,101052
함박스테이크&토마토카레소스,101053
모둠채소 수제피클,101054
바지락 맑은국,101055
일본식 계란말이,101056
"소고기 가라아게, 칠리소스",101057
"삼치튀김, 타르타르소스",101058
두부해물완자,101059
톳나물 두부무침,101060
퀴노아 팥수프,101061
참치 두부 함박스테이크,101062
김치양배추볶음,101063
"돈수육, 해물냉채",101064
"알록달록화전, 멸치두부전",101065
단호박떡볶이,101066
배·라임 모히또,101067
포도청 보리 수단,101068
감자주스,101069
만가닥버섯볶음,101070
양파홍초절임,101071
고구마순나물,101072
저염 겉절이,101073
아욱 된장무침,101074
검은콩부추전,101075
고사리파전&단감전,101076
바지락매생이전,101077
알콩달콩전,101078
계란만두&토마토소스,101079
통도라지양념구이,101080
삼색계란찜,101081
고구마순들깨나물,101082
시금치토마토무침,101083
바나나미숫가루쉐이크,101084
배쨈 식빵,101085
사과 견과류 식빵,101086
카카오 깜빠뉴,101087
곶감 베이글,101088
단호박크림을 곁들인 브로콜리 베이글,101089
어묵 잡채,101090
토마토 비빔국수,101091
멸치 전복 저염국수,101092
유부초절임,101093
토마토 미소 된장국,101094
미역 미소국,101095
포두부채소잡채,101096
속이 든든든한 밥 빵,101097
참외지 리코타버무리,101098
과일 피클 젤리,101099
바나나 쑥두부푸딩,101100
채소말이와 고구마가지구이,101101
들깨 곤약 냉채,101102
요거트 단호박 샐러드,101103
타이거새우 현미볶음밥,101104
카레크림 두부면 파스타,101105
홍합 배춧국,101106
얼큰 콩나물 수제비,101107
"단호박 생선탕수, 키위소스",101108
낙지모듬초말이,101109
삼각김밥 빵,101110
병아리콩 컵케이크,101111
양파토마토스튜,101112
황금팽이 비빔국수,101113
맛살 미역줄기전,101114
해산물샐러드와 미나리소스,101115
매운요거트 토마토샐러드,101116
더도 말고 덜도 말고 딱 6분 컷! 왕가래떡 떡볶이,101117
홍콩의 맛 그대로 챙겨왔습니다! 초간단 햄 계란밥!,101118
"어묵탕 지겨우셨죠? 오늘 저녁, 빨간 어묵으로 끝내드릴게요!",101119
왜 멀리 미국까지 가요? 집에서 이렇게 버팔로 윙 해 먹으면 되는데~,101120
8분 만에 끝내는 밑반찬 4종! 만들어 두면 일주일은 든든해요!,101121
남들보다 삼겹살 2배로 먹는 법 알려드릴게요! 숨겨 놓고 몰래 먹는 파무침 3종!,101122
알면서도 애써 모른 척했습니다... 끈기 있는 팀원에게 이 영상을 바칩니다!,101123
더 이상의 부대찌개는 없습니다! 이걸로 끝내겠습니다,101124
장담하건대 내일 또 먹고 싶을 거예요,101125
술만 먹으면 자꾸 이거 찾게 된다니까요,101126
다음 날 먹으면 더 맛있어요! 오래 끓일수록 게🦀 맛있는 꽃게 해장국,101127
정말 너무 간단해서 아무나 할 수 있다.,101128
명란대첩 │ 나에게는 아직 12개의 명란이 남아 있쥬~ 부럽쥬?,101129
🦆: 여보 여기 있던 내 알 못 봤어요?│메추리알 장조림,101130
단돈 2천원으로 방구석 피서! 다람이 거🐹 도토리🌰 뺏어 만든 쿨내 폴폴❄ 묵사발,101131
참치김치찌개 끓이기 전에 '이거' 같이 안 해 먹으면 손해!,101132
300원으로 한 냄비 가~득 국 끓이기! 가성비 끝판왕 맑은 미역국,101133
맛집 사장님이 알려 주는 식당에서 사 먹는 차돌된장찌개 집에서 끓이는 법,101134
"식당에서 먹는 콩나물국 맛의 비밀, 이건 몰랐쥬?",101135
소여사가 좋아하는 황태미역국! 해장용으로 딱이에요,101136
○○만 넣으면 밖에서 사 먹는 김치찌개 맛 납니다! 궁금하쥬?,101137
고깃집 된장찌개 부럽지 않은 봄맞이 냉이된장라면,101138
하면 할수록 빠져든다... 집에서 빚는 우리 술 우리 막걸리,101139
쟁여두면 마음이 든든해지는 만능곱창무침으로 끓여본 곱창라면,101140
치폴레? (❌) 치콜레! (⭕) 정국이가 먹던 그 메뉴 저도 한번 만들어 봤습니다,101141
"저는 갈맥길만 걷겠습니다, 등갈비튀김이 더 맛있어지는 마법 가루 공개!",101142
치즈가 내린다 샤라랄라~♪ 혼자 먹기 너~무 아까운 치즈등갈비,101143
냉면집에선 겨울에 뭘 팔까요? 제주금악냉면 신메뉴 먹으러 가봤습니다,101144
제가 갖고 있는 와인 중에 제일 저렴한(?) 와인으로 뱅쇼 끓여봤습니다...?,101145
카레는 먹고싶고... 많은 재료 사오기 귀찮을 땐...🤔,101146
별다른 도구 없이도 김밥김을 조미김으로 만들 수 있어요!,101147
"전 구울 때, 튀긴듯 바삭하지만 안타고 촉촉하게 잘 굽는 법",101148
[실시간 Live] 마이야르 반응을 이용한 겨울 간식 만들기 - 호떡 편,101149
스틱고구마가 아니라 고.구.마.스.틱!,101150
오징어 불고기! 그냥 삼겹살만 구워먹기 아쉬울 때 꼭 해보세요~ 🦑,101151
홍합 먹기 좋은 계절이죠? 전기밥솥으로 만들어본 홍합밥,101152
비지찌개! 이렇게 고소하면 반칙인데요?,101153
제가 좋아하는 갈치조림은요...,101154
연돈 볼카츠? 집에서 만들어 봅시다,101155
갑자기 쌀쌀해지니 뜨끈한 국물 생각나시죠?,101156
조리는 3분 컷! 재료비도 초저렴!,101157
"김밥의 수많은 속재료가 부담된다면? '이것'만 준비하세요, 간단하게 김밥 맛집 흉내내기 가능!",101158
꿀팁 대공개! 고추장찌개가 맛있어지는 비법은...!,101159
한국인 입맛 정조준 라면! 매운 라면 국물 맛 좌우하는 마지막 한 스푼의 비법은? [한돈 라면],101160
여행이 그리운 분들~ '공심채볶음'으로 동남아시아의 맛을 집에서도 느껴보아요!,101161
한국 양념으로만 맛을 냈어요! 전복조림인 척 하는 전복구이,101162
고급 레스토랑 따라잡기! 전복 내장 이렇게 드시면 정말 맛있어요~ 전복크림파스타,101163
스.푸.파 속 음식 따라하기! 청두야시장에서 먹던 그 감자 요리?!,101164
마트에서 산 '돼지불고기'로 네가지 활용법 대방출,101165
마트에서 산 '소불고기'로 다섯가지 활용법 대방출,101166
"약 4,000원어치 고기로 만드는 그럴~듯한 스테이크!",101167
"줄 서서 먹는 북엇국집 맛, 집에서 손쉽게 따라하기!",101168
고기를 넣어 더 맛있는 감자조림! 든든한 밑반찬 만들어두세요~,101169
💪운동한다고 닭가슴살 사다 놓은 분들! 말복 '닭개장' 손쉽게 끓여봐요,101170
콩 없이 만드는 콩국수! 2021ver.,101171
매콤한 순대볶음! (+안 터지게 볶는 요령 알려드릴게요!),101172
"통장 잔고가 허전하다고요,,? 저렴하고 간단한 반찬으로 보릿고개 버티세요",101173
샐러리 볶음! 저 믿고 딱 한번만 해보세요! 정말 맛있어요! 진짜로🙄,101174
토마토 주스로 스튜를 만든다고요? 집에 있는 재료만으로 도전!🍅,101175
생각보다 더! 더! 쉬운 들깨칼국수~,101176
캘리포니아 롤! 만들다가 시식 포기한 이유는...?,101177
한국의 깊은 맛 소고기칼국수 (+한식 세계화 이야기 조금ㅎㅎ),101178
어묵듬뿍라면! 해물맛 라면 더 맛있게 즐기는 법 (Feat. 마라소스),101179
맛ㄷrㅅ1보다 더 맛있는 와따시(?) '볶음고추장',101180
이렇게만 끓이시면 '인생 된장찌개' 됩니다. 자작자작 비벼먹는 된장찌개,101181
비빔면으로 팟타이 만들기! 뜨겁게 먹는 비빔면 2탄 #뜨빔면,101182
불 없이! 뚝딱 만드는 치즈순대. 마트 재료 꿀조합이에요!,101183
밥도둑을 두 개나 만들어버렸어요;; 간장맛 vs 고추장맛 과연 승자는?,101184
제품 리뷰는 처음이죠? '냉면' 만들어 먹으며 여러분께 드리고 싶은 말씀이 있습니다!,101185
도전! 새우젓 파스타. 듣도 보도 못한 맛이 나와요,101186
매콤새콤달콤 쫄면! 하지만 전 쫄면을 별로 좋아하진 않아요... 그 이유는...!,101187
경양식 돈가스를 만드는 두 가지 방법 (+버터 없이 돈가스소스 만들기!),101188
오징어튀김 좋아하시는 분은 꼭 해보세요~ 진미채전!,101189
"이걸 배우고 나면 아귀찜, 코다리찜도 가능해요! 매콤~한 콩나물찜!",101190
김치 라면! 더 맛있게 만드는 '회심의 일타' 알려드릴게요,101191
남은 땅콩버터로 여름을 준비해요! 땅콩버터비빔면,101192
비빔면 뜨겁게 드셔보셨나요? 비빔면을 먹는 새로운 방법!,101193
감자탕! 돼지등뼈 없이도 가능해요 (feat. 찍어먹는 겨자 소스 만들기),101194
🧄마늘은 많이 많이!🧄알리오올리오 떡볶이,101195
"크림 없이 크림새우, 어떻게 만들까요? 재료 간단, 만드는 법은 더 간단!",101196
'부'대찌개맛 '뿌'햄라면,101197
이 카레의 주인공은 '고기'입니다. 고기 듬뿍 뒷다리살 카레,101198
만 번(?) 저어 만드는 수제 마요네즈!💪,101199
겉절이 어렵지 않아요! 만능양념장과 함께라면 봄나물 완전정복~,101200
'참치마요' 만들어서 고급진 토스트까지! (준비물:남은 치킨무),101201
멸치 없이 채수로~ 쉽고 빠른 잔치국수 만들기!,101202
찬물라면! 저도 끓여보았습니다. 그것도 10개를 한번에!,101203
육쌈 비빔면! 제가 비빔면 먹는 방법,101204
🔥부대찌개🔥 육수 없이도 진한 맛 내는 방법! (+T.M.T 주의),101205
"집에서 팟타이 도전! 간장, 식초, 액젓으로 간단하게~",101206
살찌는 조합 = 그 정도로 맛있다는 거죠! 몬테크리스토 샌드위치,101207
3월 3일 삼겹살데이! 뒷다리살도 삼겹살 만큼 맛있게 먹는 꿀팁!,101208
다 때려넣으면 끝~ 제일 쉬운 '어묵볶음',101209
"치즈라면전, 맛이 없을 수 없는 조합~",101210
이걸 먹으면 나도 왕이 될 상인가~? 궁중 떡볶이!,101211
사먹는 맛 그대로! 뜨끈뜨끈 갈비탕 만들어보세요~,101212
설 맞이 꼬치산적! 그리고 설 전 꼭 해야 할 일은?,101213
설날을 기다리며 김치만두 만들어요!,101214
"기사식당st 돼지불백, 추억의 그 맛!",101215
뺏어 먹어도 무죄! 꾸덕꾸덕 크림 떡볶이~,101216
편견을 버리세요! 청국장이 좋아지는 레시피,101217
"파전은 먹고 싶은데, 쪽파가 없다면?",101218
배달시켜 먹고 남은 탕수육 더 맛있게 먹는 법?!,101219
조금 특별한 굴전?! (feat.스리라차),101220
이탈리아 정통 말고 한국 스타일! K-알리오올리오,101221
짬뽕은 어떻게 만들까요? 불쇼와 함께 맛보는 짬뽕!,101222
숙취로 고생하는 분들 꼭 해보세요! 숙취박살 해장라면,101223
이번 크리스마스엔 집에서 간단히 즐기는 찹! 스테이크,101224
다른 반찬 필요없는 저의 최애 고기쌈장!,101225
마늘듬뿍 꽈리고추 닭볶음,101226
두툼한 떡갈비 성공하는 TIP 대방출,101227
김장에는 수육이죠! 뻑뻑하지 않게 삶는 방법 공개!,101228
이게 바로 찐 중국식볶음밥 (준비물: 중화화구),101229
냉동만두로 육수내는 초간단 만두전골,101230
집에서 만들어 먹는 마리텔 칵테일 깻잎모히토,101231
대패 두루치기 '나만의 비법 소스' 알려드릴게요!,101232
"영양듬뿍 전복죽, 생각보다 쉬워요~",101233
부드러움 끝판왕 프렌치토스트,101234
밥을 훔친 오징어볶음&덮밥,101235
겉바속촉 초간단 감자전,101236
라떼는 말이야 고구마라떼,101237
양념 4개면 '소불고기' 끝!,101238
라면땅 업그레이드. 설탕+마요+스프 꿀맛탱,101239
투움바파스타 맛 ○○라면,101240
우리집이 휴게소 '소떡어떡',101241
추석 소갈비찜은 행복이에요,101242
숟가락 젓가락으로 동그랑땡 만들기,101243
면역력 걱정없는 마늘볶음밥,101244
육개장 만드는 데 20분이면 가능,101245
집에서 '크림 파스타'쯤이야,101246
가성비 최고 콩나물불고기,101247
'참치캔'으로 만드는 참치함박스테이크,101248
최애 간식 기름 떡볶이,101249
추억의 분홍 소시지전,101250
꿀없이 만드는 허니버터브레드,101251
중독성 강한 통옥수수구이,101252
내 밥 어디갔어! 밥도둑 달걀장조림,101253
'옥수수' 밖에서 사먹는 것처럼 삶는 방법!,101254
가슴속까지 시원한 메밀국수,101255
해장 킹!!! 무파 라면!!,101256
성공률 100% 돼지고기 김치찌개,101257
포실포실 고소한 참기름 달걀라면,101258
"할머니가 그리운 맛, 소고기된장찌개",101259
초간단 1분 라볶이,101260
수박+오이 = 무슨 조합?,101261
시원달달한 수박화채! 가족들에게 점수 따세요,101262
진짜 가지가지 합니다.,101263
초고추장 없이도 새콤달콤한 골뱅이 파채무침,101264
"'소고기' 말고 '돼지고기'로 끓이는 '뭇국', 엄청 시원하고 개운해요",101265
곧! 중복이라 닭칼국수인데 특이한 닭칼국수 알려 드릴게요,101266
이러니 맛있을 수박엨ㅋㅋㅋㅋ,101267
라면으로 만드는 비빔면 Bibimmyun Made From Ramyun,101268
초간단 '고추기름' 만들기!,101269
뽀오얀 국물이 제대로~ 더위 나기 보양식 '닭곰탕',101270
이런 카레가 있었어?,101271
고기와 싸먹으면 정~말 맛있는 파프리카 무침! 입안에서 톡!! Bursts in Your Mouth! Paprika Muchim,101272
"미역냉국 만들다가 국수가 땡겨 만든 냉국수! Ice-Cold Naengguk, Perfect for the Summer! It Makes You Crave Noodles!",101273
옥수수 캔으로 만드는 최고의 간식 The Ultimate Snack Made from Canned Corn,101274
김치전을 바삭바삭하게!,101275
집에 손님 올 때는 이 메뉴를 해보세요. Make This Dish When You Have Guests Over!,101276
식당에서 먹는 닭볶음탕의 비법은 바로~ What is the secret of Dak-bokkeum-tang in a restaurant?,101277
장 보러 '서울중앙시장'에 다녀왔습니다! I Went to Seoul Central Market for Grocery Shopping!,101278
얼큰하고 매콤하게~ 밥도둑 두부조림! Hot and spicy dubujorim!,101279
비빔국수 만들다가 신메뉴가 탄생했습니다 '○○비빔국수' !! The Season for Bibim Guksu! Check Out This New Kind of Guksu.,101280
"시골에서 먹는 강된장! 밥에 비벼 먹으면 끝이에요! Good Old Country Food, Gangdoenjang! Just Mix It With Rice!",101281
자연스러운 감칠맛의 다시마칼국수! Naturally flavorful dasima kalguksu!,101282
폭신~폭신한 에그 샌드위치 Soft and fluffy egg sandwich,101283
"밖에서 사먹는 순두부찌개 맛을 집에서!! Sundubu Jjigae!, No Need to Make a Sauce Separately!",101284
식당에서 나오는 바로 그 '콘치즈'! Corn Cheese! A Dish of Peculiar Charm,101285
오트밀도 이제 맛있는 음식 입니다. (K 오트밀),101286
진짜 Real!? 고구마를 넣은 고구마피자! Is it true? Sweet potato pizza with real sweet potato!,101287
식당에서 파는 그 닭고기 덮밥 Chicken Deopbap that is served at Restaurants!,101288
열무와 돼지고기를 된장으로 치치지직! 볶아내어 밥 위에 턱! 올려놓고 입안에 넣으면 아삭! 아삭! 으으으음!! 벌써 다 먹었네 '열무된장 양념덮밥',101289
[Sub] 냉동만두 + 달걀말이 = 일품요리,101290
[Sub] 정말 쉬운 달걀말이!,101291
[Sub] 집에서 만든 새우감바스?? '감바스 알 아히요',101292
[Sub] 다이어트에 좋은 '오리엔탈?' 두부샐러드,101293
[Sub] 스팸+달걀+김치+마요네즈=끝!,101294
[Sub] 정말 '크리미'해요. 집에서 간단하게 색다른 오므라이스!!,101295
[ENG] 고구마빠스! 손에 묻지 않는 고구마맛탕!,101296
[ENG] 정말 쉽게 만드는 짜장 덮밥,101297
[ENG] 아삭아삭 고구마로 비빔밥을! 이거 말이 돼요.,101298
[ENG] 직접 만든 짜장소스로 짜장떡볶이를 간단하게~,101299
[ENG] 양파와 카레만 있으면 끝! 쉽고 맛있어요.,101300
[ENG] 비빔라면의 신세계! '김라면' 입니다,101301
[ENG] 집에서 먹는 신림동st 백순대볶음!,101302
[ENG] 시원하게 맛있는 장아찌소스 냉국수,101303
[ENG] 무엇이든 다 어울리는 '만능 장아찌 소스' 만들기!,101304
[ENG] '깍두기 볶음밥' 등심집에서 볶아주는 그 맛!,101305
[ENG] 감자채전의 색다른 버전! '새둥지전'입니다.,101306
[ENG] Make some '파개장'! Real 맛있어요. 대파농가 Cheer up!,101307
대파 듬뿍! 삼겹살로 만든 '대파 제육볶음',101308
"깍두기 담그는 법, 어렵지 않아요.",101309
소시지케찹볶음.. 이건 퍼펙트예요,101310
김밥으로 볶음밥! 넣고 볶으면 끝!,101311
멕시코에는 없는 멕시칸 샐러드,101312
CU 백종원 도시락을 더 맛있게 먹는 방법,101313
초초초초초초초초간단 알새우칩 카나페 (맥주 안주),101314
라면땅 제일 쉽게 해먹는 방법. ○○○○에 찍어드세요!,101315
편의점 마른안주를 더 맛있게 먹는 방법!,101316
뭣 좀 사러 근처 편의점 다녀왔씨유~,101317
순한 맛으로 끓인 '홍합 라면',101318
토마토 달걀 볶음! 드셔보셨나요?,101319
정말 간단해요! 안주로 안성맞춤인 시금치베이컨볶음!,101320
와인을 넣은 '홍합탕',101321
막걸리가 생각나는 '부추전',101322
국물이 끝내주는 라면 끓이는 법,101323
"""혼자 먹기 너무 아까워요.."" 태국식 시금치 고기 덮밥 만들기!",101324
집에 있는 재료로 만드는 김치볶음밥!,101325
시금치 무침에 고기를 싸 먹는다고? (고기로 싸 먹는) 시금치 무침!,101326
생일 축하합니다~♬ 참 쉬운 미역국 끓이기!,101327
김치와 고기가 쭉쭉 찢어지는 김치찜!,101328
바지락볶음에 막걸리를 넣어 보셨나요?,101329
닭똥집볶음에 맥주 한 잔! ㅋ ㅑ (feat.맥주 상식),101330
우리집 밥도둑! 진미채볶음!!,101331
닭다리살 대파무침! 소스를 듬뿍 찍어 드셔보세요.,101332
밖에서 사 먹는 맛! '볶음우동' 만들어 보세요~,101333
우주대스타 '김희철!!!'님과 만드는 달래간장+밥!,101334
된장찌개 '1' (제일 쉬운 버전),101335
팔아도 되는 꿔바로우,101336
달걀을 구워서 카레에?!,101337
'시간대별 계란 삶기' (여러분의 취향은 몇 분?),101338
"밤죽인데, 밤은 그냥 구워 드세요.",101339
직접 반죽해서 만든 김치 수제비!,101340
소스가 핵심! 돼지고기 덮밥,101341
밤으로 만든 ‘밤라면',101342
불고기 버거!,101343
올라프코죽🥕⛄️,101344
훈연멸치로 만드는 가락국수!,101345
떡볶이와 함께 먹은 비밀 튀김. 그거,101346
분식집st 떡 볶 이🎉,101347
얼큰한 고추장찌개! 밥 한 공기 뚝딱! l 백종원의 백종원레시피,101348
햄버거 패티가 바삭 바삭! 돼지마늘버거입니다. ㅣ 백종원의 쿠킹로그,101349
"부먹, 찍먹 다 맛있는 탕수육! 바삭 바삭~ ㅣ 백종원의 쿠킹로그",101350
참~쉬운 찜닭! 집에서 이건 꼭 한번 해보세요. ㅣ 백종원의 백종원레시피,101351
고기짬뽕라면 1인분 만들기 (feat.맛남의광장) ㅣ 백종원의 쿠킹로그,101352
삼색나물 마지막 고사리나물 ^^. 새해 복 많이 받으세요 ! ㅣ 백종원의 백종원레시피,101353
올 한해도 떡만둣국 드시고 대박 나세요!! ㅣ 백종원의 쿠킹로그,101354
설날 준비! 삼색 나물 두 번째 도라지 나물입니다. ㅣ 백종원의 백종원레시피,101355
설날 준비 LA갈비! ㅣ 백종원의 쿠킹로그,101356
설 준비하셔야죠? 삼색 나물 첫 번째 시금치나물입니다 ㅣ 백종원의 백종원레시피,101357
중화제육면 1인분 만들기 ㅣ 백종원의 쿠킹로그,101358
"떡갈비 버거, 일명 '붹붹버거'입니다! 햄버거는 한식이죠~~?? l 백종원의 쿠킹로그",101359
'맛남의 광장' 막내 동준님과 함께 만드는 편육냉채! 응용 버전도 확인해보세요! ㅣ 백종원의 쿠킹로그,101360
비 오는 날엔 술 한잔 생각나는 김치찜! 고등어 통조림으로 쉽게 만듭니다! ㅣ 백종원의 백종원레시피,101361
눈오는 쌀쌀한 날씨엔 어묵전골! 따듯한 국물에 ㅋ ㅑ~~ㅣ 백종원의 쿠킹로그,101362
★고추마늘치킨★ 충격! 백스비어 영업기밀 공개!ㅣ 백종원의 쿠킹로그,101363
고기만두!! 비법이 들어 있습니다. 가족과 함께 집에서 만들어 보세요!! ㅣ 백종원의 쿠킹로그,101364
홍합으로 시원한 홍합탕을 만들어 드셔보세요~~~!! l 백종원의 백종원레시피,101365
메리 크리스마스! '함박스테이크'로 우아한 크리스마스 보내세요~ l 백종원의 쿠킹로그,101366
초대손님 '양세형'님께서 '감자짜글이'를 만들어 주셨습니다. ㅋㅋ 진짜 밥도둑. 잡았다 요놈 ㅣ 백종원의 쿠킹로그,101367
소고기 무국! 이거 하나면 국을 20가지는 만들 수 있습니다. ㅣ 백종원의 쿠킹로그,101368
SBS 맛남의 광장 '홍게라면' 레시피를 공개합니다! ㅣ 백종원의 쿠킹로그,101369
요즘 감자 저렴하죠? 맛도 좋고 만들기도 쉬운 감자 스프!! l 백종원의 백종원레시피,101370
★NEW★ '만능 볶음요리 소스' 암꺼나 넣고 볶아도 천상의 맛! 우리모두 요리사가 됩니다. (진지) l 백종원의 쿠킹로그,101371
"정말 시원한 멸치국수!! 육수, 양념장 고명에 뽀나스 메뉴는 비밀~ ㅣ 백종원의 쿠킹로그",101372
제일 쉬운 생선찌개! 동태찌개!!! 얼큰하게 부글부글 ㅋ ㅑㅑㅑㅑ ㅣ 백종원의 백종원레시피,101373
Korean Fried Chicken !! 후라이드&양념~ 양념치킨의 종주국은 대한민국 입니다! | 백종원의 백종원 레시피,101374
오늘은 '맛남의광장' 첫방하는 날! '영표국밥' 레시피 대 공개!! ㅣ 백종원의 쿠킹로그,101375
냉동만두 쉽게 굽기! 사라는 거 아닙니다!ㅎㅎㅎ ㅣ 백종원의 쿠킹로그,101376
대한민국 대표 음식 김치! 맛있는 여러 가지 김치 눈으로 맛보고 가세요~ㅣ 백종원의 쿠킹로그,101377
김치볶음 끝내주는 두부김치! 술 안주로도 제격ㅎㅎㅎ | 백종원의 백종원 레시피,101378
정말 쉽게 만드는 마파두부!! ㅣ 백종원의 쿠킹로그,101379
맥주 안주로 딱! 매콤새콤 골뱅이무침! ㅣ 백종원의 백종원 레시피,101380
"베이컨땡초김밥/게맛살마요김밥/돼지불고기김밥/무말랭이김밥, 나만의 김밥을 만들어 보세요! ㅣ 백종원의 쿠킹로그",101381
"삼겹살과 같이 먹으면 찰떡궁합 메뉴! 된장찌개, 시저샐러드, 오이고추무침, 파무침, 무생채ㅣ 백종원의 쿠킹로그 특별방송",101382
"'가족과 함께' 삼겹살, 목살, 항정살 먹방! 돼지 농가 화이팅!ㅣ 백종원의 쿠킹로그 특별방송",101383
돼지고기 사러 마트 다녀왔습니다! ㅣ 백종원의 쿠킹로그 번외편,101384
"참 쉬운 김밥만들기, 김밥 A~Z까지~! ㅣ 백종원의 쿠킹로그",101385
"햄,치즈,달걀 환상조화 국민 간식 토스트, 신박하게 쉬운 방법~! ㅣ 백종원의 쿠킹로그",101386
초코초코초코 브라우니 & 건더기 생생 사과 홍차! 특집사과대잔치 | 백종원의 쿠킹로그,101387
불맛 가득 볶음밥을 더 맛있게! 우리집이 볶음밥 맛집! ㅣ업그레이드 볶음밥 ㅣ 백종원의 쿠킹로그,101388
불맛 가득한 달걀볶음밥! 맛없으면 이상한 거죠~ ㅣ 백종원의 쿠킹로그,101389
가을 햇무가 좋은 시기입니다. 가을 무로 만드는 간단한 무생채와 맛있는 무생채 비빔밥입니다! ㅣ 백종원의 쿠킹로그,101390
에어프라이어로 쉽게 촉촉한 사과파이와 초간단 사과 고르곤졸라 피자! [특집 사과 대잔치] ㅣ 백종원의 쿠킹로그,101391
"비 오는 날, 막걸리 땡기시죠? 안주로 잘 어울리는 '애호박전' 알려드릴게요.ㅣ 백종원의 백종원 레시피",101392
사과 농가를 응원합니다! 사과조림으로 만들 수 있는 무궁무진한 활용메뉴들을 확인해 보세요! ㅣ 백종원의 쿠킹로그,101393
먹다 남긴 족발로 만드는 '족발덮밥'. 스푸파 방콕 '카오카무' 그 맛 납니다~! ㅣ 백종원의 쿠킹로그,101394
"천국의 맛 '치즈토스트', 그리고 사연 있는 초특급 신메뉴 최초 공개! l 백종원의 쿠킹로그",101395
"터키 갔다 먹고 온 고등어케밥, 한국 와서 훨씬 더 맛있게 만들어 봤습니다. ㅣ 백종원의 쿠킹로그",101396
초:초:초간단 만능양념장으로 만드는 춘천식 닭갈비! 1:1:1:1:1:1 ㅣ 백종원의 쿠킹로그,101397
'크리스피'하게 구워내고 '특급소스'와 함께 하는 '치킨 스테이크'. 사랑하는 가족과 함께하세요. ㅣ 백종원의 쿠킹로그,101398
"'잡채 초간단 버전', 그리고 '잡채밥' 입니다. 어제꺼 보다 훨씬 쉬워요! 그리고 명절 즐겁게 보내세요 ^^ ㅣ 백종원의 쿠킹로그",101399
명절에 빠질 수 없는 '잡채' 이번 추석에는 온 가족이 다함께 만들어 보는 건 어떠세요? l 백종원의 쿠킹로그,101400
'갈비찜' 의외로 무지하게 쉽습니다. 이번 추석엔 푸짐한 소갈비찜 요리로 점수 따세요! ㅣ 백종원의 백종원 레시피,101401
"이거 보면 호불호 없습니다. 남은 '전'으로 끓이는 '전 찌개', 죽탕 같은 찌개가 아닙니다. ㅣ 백종원의 쿠킹로그",101402
달걀 후라이 만큼 정~말 쉬운 '전' 보여드릴게요. 육전/동태전/호박전/배추전/새우전/버섯전에 막걸리 각! ㅣ 백종원의 쿠킹로그,101403
"옥수수로 전 해보셨어요? 캔 옥수수로 뚝딱! 달달, 고소, 바삭! '초간단 옥수수전' ㅣ 백종원의 백종원 레시피",101404
마리텔에서 선보였던 콩 없이 만드는 ‘초간단 콩국수!’ 깜짝 놀라실 거예요. ㅣ 백종원의 백종원 레시피,101405
글로벌 한식! '소불고기'. 한국의 불고기가 이렇게 맛있습니다. ㅣ 백종원의 백종원 레시피,101406
"팔아도 될 만큼 맛있는 김치찌개 비법전수! 돼지고기, 햄, 꽁치 등 기본 양념장으로 다 만들 수 있어요! l 백종원의 대용량 레시피",101407
"순한맛 라면의 반전 매력!! 햄, 소시지, 달걀프라이와의 환상조화 순딩이라면! ㅣ 백종원의 쿠킹로그",101408
소주 한 잔 땡기는 '오징어 초무침'. '소면'과 함께하면 일품 안주로 제격! l 백종원의 대용량 레시피,101409
통으로 데친 고급진 오징어 숙회! 특제 초장과 함께 즐겨보세요. ㅣ 백종원의 대용량 레시피,101410
고추기름이 포인트! '순두부찌개'로 오늘 저녁 어떠세요?! ㅣ 백종원의 백종원 레시피,101411
'냉라면' 더욱 맛있게 먹는 방법 ㅣ 백종원의 쿠킹로그,101412
뼛속까지 시원한 '초간단 냉라면' ㅣ 백종원의 쿠킹로그,101413
'말복'에는 얼큰한 '닭볶음탕'으로 원기회복하세요! ㅣ 백종원의 백종원 레시피,101414
"강식당3의 불고기 파스타, 강불파 1인분 만들기 ㅣ 백종원의 쿠킹로그",101415
아삭한 식감이 매력적인 꽈리고추 삼겹살볶음 l 백종원의 백종원 레시피,101416
집에서 즐기는 강식당2 니가 비비바락 국수 양념장 초간단 Ver. ㅣ 백종원의 쿠킹로그,101417
강식당2 화제의 비빔 국수!! 니가 비비바락 국수 양념장 만들기 l 백종원의 대용량 레시피,101418
돼지고기 듬뿍! 불맛 짬뽕라면 ㅣ 백종원의 백종원 레시피,101419
"매운 음식에 찰떡궁합! 대용량 레시피 네 번째, 콩나물국! ㅣ 백종원의 대용량 레시피",101420
커리와 양파의 환상 조합! 인도풍 커리양파볶음 ㅣ 백종원의 쿠킹로그,101421
맛있는 꼬막비빔밥 만들기 ㅣ 백종원의 쿠킹로그,101422
강식당2 화제의 메뉴! 김치밥이 피오씁니다 ㅣ 백종원의 백종원 레시피,101423
"다가오는 초복, 닭백숙 먹고 원기회복하세요! l 백종원의 백종원 레시피",101424
만능양파볶음 활용 시즌1 마지막 요리: 만능양파 샌드위치 ㅣ 백종원의 쿠킹로그,101425
만능양파볶음 활용 다섯 번째: 만능양파 김치비빔면 l 백종원의 쿠킹로그,101426
만능양파볶음 활용 네 번째: 만능양파 간장비빔면 ㅣ 백종원의 쿠킹로그,101427
만능양파볶음 활용 세 번째: 만능양파 스프 ㅣ 백종원의 쿠킹로그,101428
만능양파볶음 활용 두 번째: 만능양파 덮밥 ㅣ 백종원의 쿠킹로그,101429
만능양파볶음 활용 첫 번째: 양파게티 ㅣ 백종원의 쿠킹로그,101430
양파 농가를 응원합니다! 만능양파볶음 대작전 2편: 만능양파볶음 완성! 소분 및 보관하기 ㅣ 백종원의 쿠킹로그,101431
양파 농가를 응원합니다! 만능양파볶음 대작전 1편: 양파 손질과 보관법 ㅣ 백종원의 쿠킹로그,101432
빡세게 팍팍 무쳤쥬!? 백종원의 대용량 레시피 3탄: 콩나물무침 100인분! ㅣ 백종원의 대용량 레시피,101433
뚝배기 계란찜 l 백종원의 백종원 레시피,101434
대용량 레시피 두 번째는 샐러드?사라다? 하던 대로 감자사라다 100인분 갈게유! l 백종원의 대용량 레시피,101435
초간단 김치찌개 ㅣ 백종원의 백종원 레시피,101436
"이것이 업소 스케일! 백종원의 대용량 레시피 첫 번째, 제육볶음 100인분 만들기 l 백종원의 대용량 레시피",101437
목살스테이크카레 ㅣ 백종원의 백종원 레시피,101438
